#varId	chromosome	position	alt	maf	amino_acids	biotype	cadd_phred	cadd_raw	cadd_raw_rankscore	canonical	ccds	cdna_end	cdna_start	cds_end	cds_start	clinvar_clnsig	clinvar_golden_stars	clinvar_rs	clinvar_trait	codons	consequence_terms	dann_rankscore	dann_score	distance	eigen-pc-raw	eigen-pc-raw_rankscore	eigen-phred	eigen-raw	fathmm_converted_rankscore	fathmm_pred	fathmm_score	fathmm-mkl_coding_group	fathmm-mkl_coding_pred	fathmm-mkl_coding_rankscore	fathmm-mkl_coding_score	flags	gene_id	genocanyon_score	genocanyon_score_rankscore	gerp++_nr	gerp++_rs	gerp++_rs_rankscore	gm12878_confidence_value	gm12878_fitcons_score	gm12878_fitcons_score_rankscore	gtex_v6p_gene	gtex_v6p_tissue	h1-hesc_confidence_value	h1-hesc_fitcons_score	h1-hesc_fitcons_score_rankscore	huvec_confidence_value	huvec_fitcons_score	huvec_fitcons_score_rankscore	impact	integrated_confidence_value	integrated_fitcons_score	integrated_fitcons_score_rankscore	interpro_domain	lof	lof_filter	lof_flags	lof_info	lrt_converted_rankscore	lrt_omega	lrt_pred	lrt_score	metalr_pred	metalr_rankscore	metalr_score	metasvm_pred	metasvm_rankscore	metasvm_score	mutationassessor_pred	mutationassessor_score	mutationassessor_score_rankscore	mutationassessor_uniprotid	mutationassessor_variant	mutationtaster_aae	mutationtaster_converted_rankscore	mutationtaster_model	mutationtaster_pred	mutationtaster_score	phastcons100way_vertebrate	phastcons100way_vertebrate_rankscore	phastcons20way_mammalian	phastcons20way_mammalian_rankscore	phylop100way_vertebrate	phylop100way_vertebrate_rankscore	phylop20way_mammalian	phylop20way_mammalian_rankscore	pick	polyphen2_hdiv_pred	polyphen2_hdiv_rankscore	polyphen2_hdiv_score	polyphen2_hvar_pred	polyphen2_hvar_rankscore	polyphen2_hvar_score	polyphen_prediction	polyphen_score	protein_end	protein_start	provean_converted_rankscore	provean_pred	provean_score	reliability_index	sift_converted_rankscore	sift_pred	sift_prediction	sift_score	siphy_29way_logodds	siphy_29way_logodds_rankscore	siphy_29way_pi	strand	transcript_id	transcript_id_vest3	transcript_var_vest3	vest3_rankscore	vest3_score	transcriptionFactors
1:103905:A:G	1	103906	G	0.066208		lincRNA				1											intron_variant,non_coding_transcript_variant																ENSG00000238009																	MODIFIER																																					1																						-1	ENST00000466430					{'varId': '1:103905:A:G', 'positionWeightMatrix': 'AIRE_1', 'delta': -0.892324976239991, 'position': 18, 'strand': '-', 'refScore': 11.272019810848, 'altScore': 10.379694834608}
1:106544:C:G	1	106545	G	0.1955385		lincRNA				1											intron_variant,non_coding_transcript_variant																ENSG00000238009																	MODIFIER																																					1																						-1	ENST00000466430					{'varId': '1:106544:C:G', 'positionWeightMatrix': 'DMRT4', 'delta': -4.24107134061299, 'position': 6, 'strand': '-', 'refScore': 11.60570533092, 'altScore': 7.364633990307},{'varId': '1:106544:C:G', 'positionWeightMatrix': 'DMRT7', 'delta': -9.998867228874, 'position': 3, 'strand': '+', 'refScore': 11.825802469367, 'altScore': 1.826935240493},{'varId': '1:106544:C:G', 'positionWeightMatrix': 'Dlx2', 'delta': -1.615943058632, 'position': 14, 'strand': '-', 'refScore': 12.225563650168, 'altScore': 10.609620591536}
1:106699:A:G	1	106700	G			lincRNA				1											intron_variant,non_coding_transcript_variant																ENSG00000238009																	MODIFIER																																					1																						-1	ENST00000466430					
1:108826:G:C	1	108827	C	0.0197000000000001		lincRNA				1											intron_variant,non_coding_transcript_variant																ENSG00000238009																	MODIFIER																																					1																						-1	ENST00000466430					
1:109107:GT:G	1	109108	G	0.0403		lincRNA				1											intron_variant,non_coding_transcript_variant																ENSG00000238009																	MODIFIER																																					1																						-1	ENST00000466430					
1:115729:GCACA:G	1	115730	G	0.011889499999999999		lincRNA				1											intron_variant,non_coding_transcript_variant																ENSG00000238009																	MODIFIER																																					1																						-1	ENST00000466430					{'varId': '1:115729:GCACA:G', 'positionWeightMatrix': 'GR_known4', 'delta': -7.975762755884, 'position': 16, 'strand': '+', 'refScore': 12.297241426584, 'altScore': 4.3214786707},{'varId': '1:115729:GCACA:G', 'positionWeightMatrix': 'Maf_disc2', 'delta': 12.574988309904, 'position': 7, 'strand': '-', 'refScore': -0.690734494463996, 'altScore': 11.88425381544}
1:115746:C:T	1	115747	T	0.04172531249999999		lincRNA				1											intron_variant,non_coding_transcript_variant																ENSG00000238009																	MODIFIER																																					1																						-1	ENST00000466430					
1:116549:C:T	1	116550	T	0.21		lincRNA				1											intron_variant,non_coding_transcript_variant																ENSG00000238009																	MODIFIER																																					1																						-1	ENST00000466430					{'varId': '1:116549:C:T', 'positionWeightMatrix': 'Cdx2_2', 'delta': 0.339621058722003, 'position': 1, 'strand': '-', 'refScore': 11.391916894257, 'altScore': 11.731537952979}
1:118630:C:T	1	118631	T	0.0004		lincRNA				1											intron_variant,non_coding_transcript_variant																ENSG00000238009																	MODIFIER																																					1																						-1	ENST00000466430					
1:120458:T:C	1	120459	C	0.21910416666666668		lincRNA				1											intron_variant,non_coding_transcript_variant																ENSG00000238009																	MODIFIER																																					1																						-1	ENST00000466430					
1:120648:T:C	1	120649	C			lincRNA				1											intron_variant,non_coding_transcript_variant																ENSG00000238009																	MODIFIER																																					1																						-1	ENST00000466430					
1:120705:T:C	1	120706	C			lincRNA				1											intron_variant,non_coding_transcript_variant																ENSG00000238009																	MODIFIER																																					1																						-1	ENST00000466430					{'varId': '1:120705:T:C', 'positionWeightMatrix': 'Sox_5', 'delta': -5.41882451642, 'position': 10, 'strand': '-', 'refScore': 13.119848089495, 'altScore': 7.701023573075}
1:120983:C:T	1	120984	T	0.08678519304543836		lincRNA															intron_variant,non_coding_transcript_variant																ENSG00000238009																	MODIFIER																																					1																						-1	ENST00000471248					{'varId': '1:120983:C:T', 'positionWeightMatrix': 'Cdx2_1', 'delta': 3.41194103254202, 'position': 8, 'strand': '-', 'refScore': 8.74248221427399, 'altScore': 12.154423246816},{'varId': '1:120983:C:T', 'positionWeightMatrix': 'Dbx1', 'delta': 2.357251425228, 'position': 6, 'strand': '-', 'refScore': 9.463448053516, 'altScore': 11.820699478744},{'varId': '1:120983:C:T', 'positionWeightMatrix': 'Fox', 'delta': 3.580665117666, 'position': 11, 'strand': '+', 'refScore': 10.550749202496, 'altScore': 14.131414320162},{'varId': '1:120983:C:T', 'positionWeightMatrix': 'Foxl1_1', 'delta': 8.78326091791999, 'position': 8, 'strand': '+', 'refScore': 2.82470787888001, 'altScore': 11.6079687968},{'varId': '1:120983:C:T', 'positionWeightMatrix': 'Hoxa10', 'delta': 6.89503453189, 'position': 10, 'strand': '-', 'refScore': 6.26558666073, 'altScore': 13.16062119262},{'varId': '1:120983:C:T', 'positionWeightMatrix': 'Hoxd8', 'delta': 4.119017356173, 'position': 8, 'strand': '+', 'refScore': 8.082304005835, 'altScore': 12.201321362008},{'varId': '1:120983:C:T', 'positionWeightMatrix': 'Mef2_known2', 'delta': 0.160374085040004, 'position': 16, 'strand': '-', 'refScore': 6.85567666271999, 'altScore': 7.01605074775999},{'varId': '1:120983:C:T', 'positionWeightMatrix': 'Nkx6-2', 'delta': 6.900101220848, 'position': 6, 'strand': '+', 'refScore': 4.903653332508, 'altScore': 11.803754553356},{'varId': '1:120983:C:T', 'positionWeightMatrix': 'TATA_known1', 'delta': 0.484978465048002, 'position': 1, 'strand': '+', 'refScore': 14.282252149048, 'altScore': 14.767230614096},{'varId': '1:120983:C:T', 'positionWeightMatrix': 'TEF', 'delta': -9.64566874713, 'position': 4, 'strand': '-', 'refScore': 13.0953876444, 'altScore': 3.44971889726999}
1:121009:C:T	1	121010	T	0.2831097128692247		lincRNA															intron_variant,non_coding_transcript_variant																ENSG00000238009																	MODIFIER																																					1																						-1	ENST00000471248					{'varId': '1:121009:C:T', 'positionWeightMatrix': 'Dbx1', 'delta': 2.707109249808, 'position': 11, 'strand': '-', 'refScore': 8.109170581867, 'altScore': 10.816279831675},{'varId': '1:121009:C:T', 'positionWeightMatrix': 'E4BP4', 'delta': -4.45147290648001, 'position': 7, 'strand': '-', 'refScore': 11.8678344738, 'altScore': 7.41636156732},{'varId': '1:121009:C:T', 'positionWeightMatrix': 'Fox', 'delta': 11.966163984294, 'position': 6, 'strand': '+', 'refScore': -0.639901703562018, 'altScore': 11.326262280732},{'varId': '1:121009:C:T', 'positionWeightMatrix': 'TATA_known1', 'delta': 1.02206828785599, 'position': 10, 'strand': '-', 'refScore': 11.981055730912, 'altScore': 13.003124018768}
1:123814:TAAGTG:T	1	123815	T	0.023137		lincRNA															intron_variant,non_coding_transcript_variant																ENSG00000238009																	MODIFIER																																					1																						-1	ENST00000471248					
1:125797:CAAAAT:C	1	125798	C	0.13409000000000001		lincRNA															intron_variant,non_coding_transcript_variant																ENSG00000238009																	MODIFIER																																					1																						-1	ENST00000471248					
1:126108:G:A	1	126109	A	0.057969599999999996		lincRNA															intron_variant,non_coding_transcript_variant																ENSG00000238009																	MODIFIER																																					1																						-1	ENST00000471248					{'varId': '1:126108:G:A', 'positionWeightMatrix': 'Brachyury_1', 'delta': -0.805695680927982, 'position': 19, 'strand': '-', 'refScore': -3.72606536371202, 'altScore': -4.53176104464001},{'varId': '1:126108:G:A', 'positionWeightMatrix': 'En-1_2', 'delta': -1.583739892317, 'position': 11, 'strand': '-', 'refScore': 9.728492769716, 'altScore': 8.144752877399},{'varId': '1:126108:G:A', 'positionWeightMatrix': 'Fox', 'delta': 11.85069495324, 'position': 4, 'strand': '-', 'refScore': -0.0634004145360052, 'altScore': 11.787294538704},{'varId': '1:126108:G:A', 'positionWeightMatrix': 'Foxa_known2', 'delta': 1.48416051491999, 'position': 2, 'strand': '-', 'refScore': 11.40527257662, 'altScore': 12.88943309154},{'varId': '1:126108:G:A', 'positionWeightMatrix': 'Foxa_known4', 'delta': 5.04298251668401, 'position': 2, 'strand': '-', 'refScore': 6.295513889764, 'altScore': 11.338496406448},{'varId': '1:126108:G:A', 'positionWeightMatrix': 'Foxf1', 'delta': 11.966121774304, 'position': 4, 'strand': '-', 'refScore': 0.951590324912004, 'altScore': 12.917712099216},{'varId': '1:126108:G:A', 'positionWeightMatrix': 'Foxi1', 'delta': 11.966200270464, 'position': 4, 'strand': '-', 'refScore': 2.639738593088, 'altScore': 14.605938863552},{'varId': '1:126108:G:A', 'positionWeightMatrix': 'Foxj2_1', 'delta': 2.34847509349201, 'position': 6, 'strand': '-', 'refScore': 12.634745791136, 'altScore': 14.983220884628},{'varId': '1:126108:G:A', 'positionWeightMatrix': 'Foxl1_1', 'delta': 4.14062661727999, 'position': 5, 'strand': '-', 'refScore': 10.27967894912, 'altScore': 14.4203055664},{'varId': '1:126108:G:A', 'positionWeightMatrix': 'Foxo_3', 'delta': 8.71674909904999, 'position': 5, 'strand': '-', 'refScore': 3.26325473205, 'altScore': 11.9800038311},{'varId': '1:126108:G:A', 'positionWeightMatrix': 'Foxp1', 'delta': 11.9661319263, 'position': 8, 'strand': '-', 'refScore': -27.18321393692, 'altScore': -15.21708201062},{'varId': '1:126108:G:A', 'positionWeightMatrix': 'HNF1_6', 'delta': 3.749237841488, 'position': 14, 'strand': '+', 'refScore': 8.35539022140001, 'altScore': 12.104628062888},{'varId': '1:126108:G:A', 'positionWeightMatrix': 'Hoxd8', 'delta': 5.486868013038, 'position': 8, 'strand': '-', 'refScore': 5.699659332237, 'altScore': 11.186527345275},{'varId': '1:126108:G:A', 'positionWeightMatrix': 'Ncx_2', 'delta': 1.04961584191799, 'position': 10, 'strand': '+', 'refScore': 10.20390648858, 'altScore': 11.253522330498},{'varId': '1:126108:G:A', 'positionWeightMatrix': 'Tgif1_1', 'delta': -11.966229096858, 'position': 7, 'strand': '-', 'refScore': 13.093328360431, 'altScore': 1.127099263573},{'varId': '1:126108:G:A', 'positionWeightMatrix': 'Zfp105', 'delta': 4.75430616622, 'position': 8, 'strand': '+', 'refScore': 9.17023337644, 'altScore': 13.92453954266}
1:126113:C:A	1	126114	A	0.014207799537137073		lincRNA															intron_variant,non_coding_transcript_variant																ENSG00000238009																	MODIFIER																																					1																						-1	ENST00000471248					{'varId': '1:126113:C:A', 'positionWeightMatrix': 'Brachyury_1', 'delta': -11.966193118784, 'position': 14, 'strand': '-', 'refScore': -3.72606536371202, 'altScore': -15.692258482496},{'varId': '1:126113:C:A', 'positionWeightMatrix': 'En-1_2', 'delta': -11.451684267411, 'position': 6, 'strand': '-', 'refScore': 9.728492769716, 'altScore': -1.72319149769501},{'varId': '1:126113:C:A', 'positionWeightMatrix': 'Foxj2_1', 'delta': 1.845885791904, 'position': 1, 'strand': '-', 'refScore': 9.67561959896, 'altScore': 11.521505390864},{'varId': '1:126113:C:A', 'positionWeightMatrix': 'Tgif1_1', 'delta': -11.381420693196, 'position': 2, 'strand': '-', 'refScore': 13.093328360431, 'altScore': 1.71190766723501}
1:129062:GTCTT:G	1	129063	G			lincRNA						112	108								non_coding_transcript_exon_variant																ENSG00000238009																	MODIFIER																																					1																						-1	ENST00000471248					
1:129944:TC:T	1	129945	T	0.08654500000000001		protein_coding				1											downstream_gene_variant			4956													ENSG00000237683																	MODIFIER																																					1																						-1	ENST00000423372					
1:132991:G:A	1	132992	A			protein_coding				1											downstream_gene_variant			1910													ENSG00000237683																	MODIFIER																																					1																						-1	ENST00000423372					
1:133013:C:T	1	133014	T			protein_coding				1											downstream_gene_variant			1888													ENSG00000237683																	MODIFIER																																					1																						-1	ENST00000423372					{'varId': '1:133013:C:T', 'positionWeightMatrix': 'Glis2', 'delta': -6.0501065784, 'position': 10, 'strand': '+', 'refScore': 13.899642421744, 'altScore': 7.84953584334399},{'varId': '1:133013:C:T', 'positionWeightMatrix': 'HNF4_known5', 'delta': -2.63359741687, 'position': 6, 'strand': '-', 'refScore': 11.384487766173, 'altScore': 8.750890349303},{'varId': '1:133013:C:T', 'positionWeightMatrix': 'Rad21_disc9', 'delta': 2.837524039538, 'position': 11, 'strand': '-', 'refScore': 8.048493906324, 'altScore': 10.886017945862}
1:135032:G:A	1	135033	A	0.070536375		protein_coding				1		2530	2530								3_prime_UTR_variant																ENSG00000237683																	MODIFIER																																					1																						-1	ENST00000423372					
1:135040:T:C	1	135041	C	0.045711497521143174		protein_coding				1		2522	2522								3_prime_UTR_variant																ENSG00000237683																	MODIFIER																																					1																						-1	ENST00000423372					{'varId': '1:135040:T:C', 'positionWeightMatrix': 'NRSF_disc10', 'delta': 9.13542610479999, 'position': 3, 'strand': '+', 'refScore': 2.95003974480001, 'altScore': 12.0854658496}
1:135203:G:A	1	135204	A	0.031148181818181818		protein_coding				1		2359	2359								3_prime_UTR_variant																ENSG00000237683																	MODIFIER																																					1																						-1	ENST00000423372					{'varId': '1:135203:G:A', 'positionWeightMatrix': 'Egr-1_disc4', 'delta': 11.966302684296, 'position': 19, 'strand': '-', 'refScore': -13.992916359924, 'altScore': -2.02661367562803},{'varId': '1:135203:G:A', 'positionWeightMatrix': 'Znf143_disc3', 'delta': 1.272556060524, 'position': 14, 'strand': '-', 'refScore': 10.684649102192, 'altScore': 11.957205162716}
1:137276:C:CA	1	137277	CA	0.1886		protein_coding				1											intron_variant																ENSG00000237683																	MODIFIER																																					1																						-1	ENST00000423372					
1:137825:G:A	1	137826	A	0.19638799999999998		protein_coding				1		1555	1555								3_prime_UTR_variant																ENSG00000237683																	MODIFIER																																					1																						-1	ENST00000423372					{'varId': '1:137825:G:A', 'positionWeightMatrix': 'BCL_disc3', 'delta': 11.96611185723, 'position': 10, 'strand': '+', 'refScore': -0.618376386860007, 'altScore': 11.34773547037},{'varId': '1:137825:G:A', 'positionWeightMatrix': 'CTCF_disc7', 'delta': 1.59398118768, 'position': 3, 'strand': '+', 'refScore': 10.9373587838, 'altScore': 12.53133997148},{'varId': '1:137825:G:A', 'positionWeightMatrix': 'CTCF_disc8', 'delta': 0.0714671338379986, 'position': 3, 'strand': '+', 'refScore': 11.009079636896, 'altScore': 11.080546770734},{'varId': '1:137825:G:A', 'positionWeightMatrix': 'LRH1', 'delta': 0.736257858244997, 'position': 2, 'strand': '-', 'refScore': 11.137306532165, 'altScore': 11.87356439041},{'varId': '1:137825:G:A', 'positionWeightMatrix': 'NRSF_disc2', 'delta': 11.966093345406, 'position': 1, 'strand': '-', 'refScore': -1.289948733053, 'altScore': 10.676144612353},{'varId': '1:137825:G:A', 'positionWeightMatrix': 'RXRA_disc1', 'delta': 11.901317889672, 'position': 9, 'strand': '+', 'refScore': 0.0704259887000092, 'altScore': 11.971743878372},{'varId': '1:137825:G:A', 'positionWeightMatrix': 'SF1', 'delta': 3.31772156170001, 'position': 1, 'strand': '-', 'refScore': 9.41346470342399, 'altScore': 12.731186265124},{'varId': '1:137825:G:A', 'positionWeightMatrix': 'SMC3_disc1', 'delta': 3.69554596936, 'position': 4, 'strand': '+', 'refScore': 7.11185765847999, 'altScore': 10.80740362784},{'varId': '1:137825:G:A', 'positionWeightMatrix': 'SMC3_disc4', 'delta': 3.760010170119, 'position': 4, 'strand': '+', 'refScore': 9.478761829881, 'altScore': 13.238772},{'varId': '1:137825:G:A', 'positionWeightMatrix': 'TCF12_disc5', 'delta': 0.90227270321499, 'position': 6, 'strand': '+', 'refScore': 10.043714444895, 'altScore': 10.94598714811}
1:138396:G:A	1	138397	A	0.0129		protein_coding				1		984	984								3_prime_UTR_variant																ENSG00000237683																	MODIFIER																																					1																						-1	ENST00000423372					
1:139060:G:A	1	139061	A	0.000574999999999992	R/W	protein_coding				1		320	320	250	250					Cgg/Tgg	missense_variant																ENSG00000237683																	MODERATE																																					1							benign	0.215	84	84							deleterious	0.01				-1	ENST00000423372					
1:143681:A:G	1	143682	G			protein_coding				1											upstream_gene_variant			4302													ENSG00000237683																	MODIFIER																																					1																						-1	ENST00000423372					
1:144527:GTA:G	1	144528	G	0.24029		antisense				1											intron_variant,non_coding_transcript_variant																ENSG00000241860																	MODIFIER																																					1																						-1	ENST00000484859					
1:145001:G:A	1	145002	A			antisense				1											intron_variant,non_coding_transcript_variant																ENSG00000241860																	MODIFIER																																					1																						-1	ENST00000484859					
1:147591:G:GA	1	147592	GA	0.12595		antisense				1		2117	2117								non_coding_transcript_exon_variant																ENSG00000241860																	MODIFIER																																					1																						-1	ENST00000484859					
1:147884:G:A	1	147885	A			antisense				1		1824	1824								non_coding_transcript_exon_variant																ENSG00000241860																	MODIFIER																																					1																						-1	ENST00000484859					
1:147885:A:C	1	147886	C			antisense				1		1823	1823								non_coding_transcript_exon_variant																ENSG00000241860																	MODIFIER																																					1																						-1	ENST00000484859					
1:147918:T:C	1	147919	C			antisense				1		1790	1790								non_coding_transcript_exon_variant																ENSG00000241860																	MODIFIER																																					1																						-1	ENST00000484859					
1:147974:A:C	1	147975	C			antisense				1		1734	1734								non_coding_transcript_exon_variant																ENSG00000241860																	MODIFIER																																					1																						-1	ENST00000484859					
1:147981:T:C	1	147982	C			antisense				1		1727	1727								non_coding_transcript_exon_variant																ENSG00000241860																	MODIFIER																																					1																						-1	ENST00000484859					
1:147984:C:T	1	147985	T			antisense				1		1724	1724								non_coding_transcript_exon_variant																ENSG00000241860																	MODIFIER																																					1																						-1	ENST00000484859					
1:147987:T:C	1	147988	C			antisense				1		1721	1721								non_coding_transcript_exon_variant																ENSG00000241860																	MODIFIER																																					1																						-1	ENST00000484859					
1:147988:T:C	1	147989	C			antisense				1		1720	1720								non_coding_transcript_exon_variant																ENSG00000241860																	MODIFIER																																					1																						-1	ENST00000484859					
1:147989:T:C	1	147990	C			antisense				1		1719	1719								non_coding_transcript_exon_variant																ENSG00000241860																	MODIFIER																																					1																						-1	ENST00000484859					
1:148040:A:G	1	148041	G			antisense				1		1668	1668								non_coding_transcript_exon_variant																ENSG00000241860																	MODIFIER																																					1																						-1	ENST00000484859					
1:148047:G:A	1	148048	A			antisense				1		1661	1661								non_coding_transcript_exon_variant																ENSG00000241860																	MODIFIER																																					1																						-1	ENST00000484859					
1:148050:T:G	1	148051	G			antisense				1		1658	1658								non_coding_transcript_exon_variant																ENSG00000241860																	MODIFIER																																					1																						-1	ENST00000484859					
1:148077:A:G	1	148078	G			antisense				1		1631	1631								non_coding_transcript_exon_variant																ENSG00000241860																	MODIFIER																																					1																						-1	ENST00000484859					
1:148096:C:T	1	148097	T			antisense				1		1612	1612								non_coding_transcript_exon_variant																ENSG00000241860																	MODIFIER																																					1																						-1	ENST00000484859					
1:148115:G:A	1	148116	A			antisense				1		1593	1593								non_coding_transcript_exon_variant																ENSG00000241860																	MODIFIER																																					1																						-1	ENST00000484859					
1:148117:G:T	1	148118	T			antisense				1		1591	1591								non_coding_transcript_exon_variant																ENSG00000241860																	MODIFIER																																					1																						-1	ENST00000484859					
1:148121:C:T	1	148122	T			antisense				1		1587	1587								non_coding_transcript_exon_variant																ENSG00000241860																	MODIFIER																																					1																						-1	ENST00000484859					
1:148143:T:G	1	148144	G			antisense				1		1565	1565								non_coding_transcript_exon_variant																ENSG00000241860																	MODIFIER																																					1																						-1	ENST00000484859					
1:148161:G:A	1	148162	A			antisense				1		1547	1547								non_coding_transcript_exon_variant																ENSG00000241860																	MODIFIER																																					1																						-1	ENST00000484859					
1:148193:A:G	1	148194	G			antisense				1		1515	1515								non_coding_transcript_exon_variant																ENSG00000241860																	MODIFIER																																					1																						-1	ENST00000484859					
1:148196:G:A	1	148197	A			antisense				1		1512	1512								non_coding_transcript_exon_variant																ENSG00000241860																	MODIFIER																																					1																						-1	ENST00000484859					
1:148213:T:C	1	148214	C			antisense				1		1495	1495								non_coding_transcript_exon_variant																ENSG00000241860																	MODIFIER																																					1																						-1	ENST00000484859					
1:148233:A:G	1	148234	G			antisense				1		1475	1475								non_coding_transcript_exon_variant																ENSG00000241860																	MODIFIER																																					1																						-1	ENST00000484859					
1:148258:A:C	1	148259	C			antisense				1		1450	1450								non_coding_transcript_exon_variant																ENSG00000241860																	MODIFIER																																					1																						-1	ENST00000484859					
1:152946:G:C	1	152947	C			lincRNA															intron_variant,non_coding_transcript_variant																ENSG00000241860																	MODIFIER																																					1																						-1	ENST00000466557					
1:154941:G:A	1	154942	A			lincRNA															intron_variant,non_coding_transcript_variant																ENSG00000241860																	MODIFIER																																					1																						-1	ENST00000466557					
1:155063:A:T	1	155064	T			lincRNA															intron_variant,non_coding_transcript_variant																ENSG00000241860																	MODIFIER																																					1																						-1	ENST00000466557					
1:155099:A:G	1	155100	G			lincRNA															intron_variant,non_coding_transcript_variant																ENSG00000241860																	MODIFIER																																					1																						-1	ENST00000466557					
1:155111:C:A	1	155112	A			lincRNA															intron_variant,non_coding_transcript_variant																ENSG00000241860																	MODIFIER																																					1																						-1	ENST00000466557					
1:155122:T:C	1	155123	C			lincRNA															intron_variant,non_coding_transcript_variant																ENSG00000241860																	MODIFIER																																					1																						-1	ENST00000466557					
1:155125:C:A	1	155126	A			lincRNA															intron_variant,non_coding_transcript_variant																ENSG00000241860																	MODIFIER																																					1																						-1	ENST00000466557					
1:155149:G:A	1	155150	A			lincRNA															intron_variant,non_coding_transcript_variant																ENSG00000241860																	MODIFIER																																					1																						-1	ENST00000466557					
1:155187:G:A	1	155188	A			lincRNA															intron_variant,non_coding_transcript_variant																ENSG00000241860																	MODIFIER																																					1																						-1	ENST00000466557					
1:155193:C:T	1	155194	T			lincRNA															intron_variant,non_coding_transcript_variant																ENSG00000241860																	MODIFIER																																					1																						-1	ENST00000466557					
1:155199:T:A	1	155200	A			lincRNA															intron_variant,non_coding_transcript_variant																ENSG00000241860																	MODIFIER																																					1																						-1	ENST00000466557					
1:155201:A:G	1	155202	G			lincRNA															intron_variant,non_coding_transcript_variant																ENSG00000241860																	MODIFIER																																					1																						-1	ENST00000466557					
1:155221:A:G	1	155222	G			lincRNA															intron_variant,non_coding_transcript_variant																ENSG00000241860																	MODIFIER																																					1																						-1	ENST00000466557					
1:155241:A:G	1	155242	G			lincRNA															intron_variant,non_coding_transcript_variant																ENSG00000241860																	MODIFIER																																					1																						-1	ENST00000466557					
1:155262:T:C	1	155263	C			lincRNA															intron_variant,non_coding_transcript_variant																ENSG00000241860																	MODIFIER																																					1																						-1	ENST00000466557					
1:155265:A:G	1	155266	G			lincRNA															intron_variant,non_coding_transcript_variant																ENSG00000241860																	MODIFIER																																					1																						-1	ENST00000466557					
1:155267:C:T	1	155268	T			lincRNA															intron_variant,non_coding_transcript_variant																ENSG00000241860																	MODIFIER																																					1																						-1	ENST00000466557					
1:155291:A:G	1	155292	G			lincRNA															intron_variant,non_coding_transcript_variant																ENSG00000241860																	MODIFIER																																					1																						-1	ENST00000466557					
1:155309:T:G	1	155310	G			lincRNA															intron_variant,non_coding_transcript_variant																ENSG00000241860																	MODIFIER																																					1																						-1	ENST00000466557					
1:155317:G:A	1	155318	A			lincRNA															intron_variant,non_coding_transcript_variant																ENSG00000241860																	MODIFIER																																					1																						-1	ENST00000466557					
1:155379:A:G	1	155380	G			lincRNA															intron_variant,non_coding_transcript_variant																ENSG00000241860																	MODIFIER																																					1																						-1	ENST00000466557					
1:155392:T:C	1	155393	C			lincRNA															intron_variant,non_coding_transcript_variant																ENSG00000241860																	MODIFIER																																					1																						-1	ENST00000466557					
1:155396:A:C	1	155397	C			lincRNA															intron_variant,non_coding_transcript_variant																ENSG00000241860																	MODIFIER																																					1																						-1	ENST00000466557					
1:155400:T:G	1	155401	G			lincRNA															intron_variant,non_coding_transcript_variant																ENSG00000241860																	MODIFIER																																					1																						-1	ENST00000466557					
1:155401:T:G	1	155402	G			lincRNA															intron_variant,non_coding_transcript_variant																ENSG00000241860																	MODIFIER																																					1																						-1	ENST00000466557					
1:155430:A:G	1	155431	G			lincRNA															intron_variant,non_coding_transcript_variant																ENSG00000241860																	MODIFIER																																					1																						-1	ENST00000466557					
1:155462:A:C	1	155463	C			lincRNA															intron_variant,non_coding_transcript_variant																ENSG00000241860																	MODIFIER																																					1																						-1	ENST00000466557					
1:155463:G:A	1	155464	A			lincRNA															intron_variant,non_coding_transcript_variant																ENSG00000241860																	MODIFIER																																					1																						-1	ENST00000466557					
1:155484:C:T	1	155485	T			lincRNA															intron_variant,non_coding_transcript_variant																ENSG00000241860																	MODIFIER																																					1																						-1	ENST00000466557					
1:155502:A:G	1	155503	G			lincRNA															intron_variant,non_coding_transcript_variant																ENSG00000241860																	MODIFIER																																					1																						-1	ENST00000466557					
1:155508:C:T	1	155509	T			lincRNA															intron_variant,non_coding_transcript_variant																ENSG00000241860																	MODIFIER																																					1																						-1	ENST00000466557					
1:155520:T:C	1	155521	C			lincRNA															intron_variant,non_coding_transcript_variant																ENSG00000241860																	MODIFIER																																					1																						-1	ENST00000466557					
1:155530:A:T	1	155531	T			lincRNA															intron_variant,non_coding_transcript_variant																ENSG00000241860																	MODIFIER																																					1																						-1	ENST00000466557					
1:155544:C:T	1	155545	T			lincRNA															intron_variant,non_coding_transcript_variant																ENSG00000241860																	MODIFIER																																					1																						-1	ENST00000466557					
1:155559:C:T	1	155560	T			lincRNA															intron_variant,non_coding_transcript_variant																ENSG00000241860																	MODIFIER																																					1																						-1	ENST00000466557					
1:155574:C:T	1	155575	T			lincRNA															intron_variant,non_coding_transcript_variant																ENSG00000241860																	MODIFIER																																					1																						-1	ENST00000466557					
1:155610:C:T	1	155611	T			lincRNA															intron_variant,non_coding_transcript_variant																ENSG00000241860																	MODIFIER																																					1																						-1	ENST00000466557					
1:155614:A:G	1	155615	G			lincRNA															intron_variant,non_coding_transcript_variant																ENSG00000241860																	MODIFIER																																					1																						-1	ENST00000466557					
1:155623:C:T	1	155624	T			lincRNA															intron_variant,non_coding_transcript_variant																ENSG00000241860																	MODIFIER																																					1																						-1	ENST00000466557					
1:155628:C:T	1	155629	T			lincRNA															intron_variant,non_coding_transcript_variant																ENSG00000241860																	MODIFIER																																					1																						-1	ENST00000466557					
1:155631:C:T	1	155632	T			lincRNA															intron_variant,non_coding_transcript_variant																ENSG00000241860																	MODIFIER																																					1																						-1	ENST00000466557					
1:155643:G:T	1	155644	T			lincRNA															intron_variant,non_coding_transcript_variant																ENSG00000241860																	MODIFIER																																					1																						-1	ENST00000466557					
1:155656:C:G	1	155657	G			lincRNA															intron_variant,non_coding_transcript_variant																ENSG00000241860																	MODIFIER																																					1																						-1	ENST00000466557					
1:155666:A:C	1	155667	C			lincRNA															intron_variant,non_coding_transcript_variant																ENSG00000241860																	MODIFIER																																					1																						-1	ENST00000466557					
1:155671:G:A	1	155672	A			lincRNA															intron_variant,non_coding_transcript_variant																ENSG00000241860																	MODIFIER																																					1																						-1	ENST00000466557					
1:155677:T:C	1	155678	C			lincRNA															intron_variant,non_coding_transcript_variant																ENSG00000241860																	MODIFIER																																					1																						-1	ENST00000466557					
1:155684:C:T	1	155685	T			lincRNA															intron_variant,non_coding_transcript_variant																ENSG00000241860																	MODIFIER																																					1																						-1	ENST00000466557					
1:155707:T:A	1	155708	A			lincRNA															intron_variant,non_coding_transcript_variant																ENSG00000241860																	MODIFIER																																					1																						-1	ENST00000466557					
1:155711:T:C	1	155712	C			lincRNA															intron_variant,non_coding_transcript_variant																ENSG00000241860																	MODIFIER																																					1																						-1	ENST00000466557					
1:155725:T:C	1	155726	C			lincRNA															intron_variant,non_coding_transcript_variant																ENSG00000241860																	MODIFIER																																					1																						-1	ENST00000466557					
1:155743:T:A	1	155744	A			lincRNA															intron_variant,non_coding_transcript_variant																ENSG00000241860																	MODIFIER																																					1																						-1	ENST00000466557					
1:155807:C:G	1	155808	G			lincRNA						1137	1137								non_coding_transcript_exon_variant																ENSG00000241860																	MODIFIER																																					1																						-1	ENST00000466557					
1:155911:G:C	1	155912	C			lincRNA															intron_variant,non_coding_transcript_variant																ENSG00000241860																	MODIFIER																																					1																						-1	ENST00000466557					
1:155933:T:C	1	155934	C			lincRNA															intron_variant,non_coding_transcript_variant																ENSG00000241860																	MODIFIER																																					1																						-1	ENST00000466557					
1:156120:T:C	1	156121	C			lincRNA															intron_variant,non_coding_transcript_variant																ENSG00000241860																	MODIFIER																																					1																						-1	ENST00000466557					
1:156365:C:T	1	156366	T			lincRNA															intron_variant,non_coding_transcript_variant																ENSG00000241860																	MODIFIER																																					1																						-1	ENST00000466557					
1:156391:T:G	1	156392	G			lincRNA															intron_variant,non_coding_transcript_variant																ENSG00000241860																	MODIFIER																																					1																						-1	ENST00000466557					
1:158097:C:T	1	158098	T			lincRNA															intron_variant,non_coding_transcript_variant																ENSG00000241860																	MODIFIER																																					1																						-1	ENST00000466557					
1:159005:CAA:C	1	159006	C	0.093291		lincRNA															intron_variant,non_coding_transcript_variant																ENSG00000241860																	MODIFIER																																					1																						-1	ENST00000466557					
1:161483:C:G	1	161484	G	0.012050000000000002		lincRNA				1		415	415								non_coding_transcript_exon_variant																ENSG00000241599																	MODIFIER																																					1																						1	ENST00000496488					{'varId': '1:161483:C:G', 'positionWeightMatrix': 'DMRT1', 'delta': 11.899094946244, 'position': 11, 'strand': '+', 'refScore': -2.783951000066, 'altScore': 9.11514394617799},{'varId': '1:161483:C:G', 'positionWeightMatrix': 'Sox_17', 'delta': 4.1594342442, 'position': 7, 'strand': '+', 'refScore': 8.25308033217999, 'altScore': 12.41251457638}
1:161488:C:T	1	161489	T	0.00515		lincRNA				1		420	420								non_coding_transcript_exon_variant																ENSG00000241599																	MODIFIER																																					1																						1	ENST00000496488					{'varId': '1:161488:C:T', 'positionWeightMatrix': 'Nkx3_2', 'delta': 11.966135942628, 'position': 3, 'strand': '-', 'refScore': 1.035092057372, 'altScore': 13.001228},{'varId': '1:161488:C:T', 'positionWeightMatrix': 'Sox_2', 'delta': -0.427691439954017, 'position': 1, 'strand': '+', 'refScore': 12.379861447278, 'altScore': 11.952170007324},{'varId': '1:161488:C:T', 'positionWeightMatrix': 'Sox_4', 'delta': 2.98767157285, 'position': 1, 'strand': '+', 'refScore': 8.89959944758, 'altScore': 11.88727102043}
1:162463:T:C	1	162464	C	0.09186524782330288		lincRNA															intron_variant,non_coding_transcript_variant																ENSG00000241860																	MODIFIER																																					1																						-1	ENST00000466557					{'varId': '1:162463:T:C', 'positionWeightMatrix': 'Hand1_2', 'delta': 1.484110152223, 'position': 8, 'strand': '+', 'refScore': 10.132828730202, 'altScore': 11.616938882425},{'varId': '1:162463:T:C', 'positionWeightMatrix': 'Rad21_disc7', 'delta': 11.320623919872, 'position': 15, 'strand': '+', 'refScore': 1.104003945196, 'altScore': 12.424627865068},{'varId': '1:162463:T:C', 'positionWeightMatrix': 'ZEB1_known3', 'delta': -1.58214603200999, 'position': 11, 'strand': '+', 'refScore': 11.717796977985, 'altScore': 10.135650945975}
1:163978:A:G	1	163979	G			lincRNA															intron_variant,non_coding_transcript_variant																ENSG00000241860																	MODIFIER																																					1																						-1	ENST00000466557					
1:165954:GAATA:G	1	165955	G	0.024082909090909096		lincRNA															intron_variant,non_coding_transcript_variant																ENSG00000241860																	MODIFIER																																					1																						-1	ENST00000466557					{'varId': '1:165954:GAATA:G', 'positionWeightMatrix': 'CEBPA_1', 'delta': 0.501997788288008, 'position': 13, 'strand': '-', 'refScore': 4.199292959216, 'altScore': 4.701290747504},{'varId': '1:165954:GAATA:G', 'positionWeightMatrix': 'CEBPB_known1', 'delta': -0.207101983724996, 'position': 15, 'strand': '-', 'refScore': 0.543816709874996, 'altScore': 0.336714726149999},{'varId': '1:165954:GAATA:G', 'positionWeightMatrix': 'CEBPB_known3', 'delta': -1.975040115288, 'position': 17, 'strand': '-', 'refScore': 4.94488593436, 'altScore': 2.969845819072},{'varId': '1:165954:GAATA:G', 'positionWeightMatrix': 'Cart1', 'delta': -1.73491562925899, 'position': -3, 'strand': '+', 'refScore': 0.836912395366994, 'altScore': -0.898003233891998},{'varId': '1:165954:GAATA:G', 'positionWeightMatrix': 'Eomes', 'delta': 1.22963971632001, 'position': 11, 'strand': '+', 'refScore': 12.530698083084, 'altScore': 13.760337799404},{'varId': '1:165954:GAATA:G', 'positionWeightMatrix': 'Foxa_disc2', 'delta': -10.256459032144, 'position': 0, 'strand': '-', 'refScore': -7.014791714488, 'altScore': -17.271250746632},{'varId': '1:165954:GAATA:G', 'positionWeightMatrix': 'Foxa_known4', 'delta': -17.53973566842, 'position': 14, 'strand': '+', 'refScore': 13.462503796792, 'altScore': -4.077231871628},{'varId': '1:165954:GAATA:G', 'positionWeightMatrix': 'Foxj2_1', 'delta': -25.2937099492, 'position': 14, 'strand': '-', 'refScore': 11.534644980448, 'altScore': -13.759064968752},{'varId': '1:165954:GAATA:G', 'positionWeightMatrix': 'Hoxd8', 'delta': -4.621781715256, 'position': 20, 'strand': '-', 'refScore': 11.186806000871, 'altScore': 6.565024285615},{'varId': '1:165954:GAATA:G', 'positionWeightMatrix': 'Isl2', 'delta': -4.738597784153, 'position': 0, 'strand': '+', 'refScore': 12.405526734135, 'altScore': 7.666928949982},{'varId': '1:165954:GAATA:G', 'positionWeightMatrix': 'Ncx_2', 'delta': -5.703467093471, 'position': -2, 'strand': '+', 'refScore': 11.263349486382, 'altScore': 5.55988239291101},{'varId': '1:165954:GAATA:G', 'positionWeightMatrix': 'Nkx2_3', 'delta': -11.902095486981, 'position': -3, 'strand': '+', 'refScore': 15.023464731721, 'altScore': 3.12136924473999},{'varId': '1:165954:GAATA:G', 'positionWeightMatrix': 'Nkx3_1', 'delta': -1.735301066994, 'position': -3, 'strand': '+', 'refScore': 15.433409940175, 'altScore': 13.698108873181},{'varId': '1:165954:GAATA:G', 'positionWeightMatrix': 'Nkx3_2', 'delta': -17.503512450795, 'position': 10, 'strand': '-', 'refScore': 6.64646251315401, 'altScore': -10.857049937641},{'varId': '1:165954:GAATA:G', 'positionWeightMatrix': 'Pou1f1_1', 'delta': -12.048421308859, 'position': 3, 'strand': '+', 'refScore': 1.16924388827, 'altScore': -10.879177420589},{'varId': '1:165954:GAATA:G', 'positionWeightMatrix': 'Pou2f2_known4', 'delta': -2.31386747304001, 'position': 19, 'strand': '-', 'refScore': 7.38836147808001, 'altScore': 5.07449400504},{'varId': '1:165954:GAATA:G', 'positionWeightMatrix': 'Pou2f2_known5', 'delta': 1.98057394862001, 'position': 3, 'strand': '+', 'refScore': 2.94018038188, 'altScore': 4.9207543305},{'varId': '1:165954:GAATA:G', 'positionWeightMatrix': 'Pou5f1_disc2', 'delta': -4.237762849088, 'position': 12, 'strand': '+', 'refScore': -9.241981196384, 'altScore': -13.479744045472},{'varId': '1:165954:GAATA:G', 'positionWeightMatrix': 'Pou6f1_1', 'delta': 1.9985576376, 'position': 1, 'strand': '+', 'refScore': 8.56152961250001, 'altScore': 10.5600872501}
1:167867:T:C	1	167868	C			lincRNA															intron_variant,non_coding_transcript_variant																ENSG00000241860																	MODIFIER																																					1																						-1	ENST00000466557					
1:168373:C:T	1	168374	T	0.028852999999999997		lincRNA															intron_variant,non_coding_transcript_variant																ENSG00000241860																	MODIFIER																																					1																						-1	ENST00000466557					{'varId': '1:168373:C:T', 'positionWeightMatrix': 'Bbx', 'delta': 4.528347629938, 'position': 12, 'strand': '-', 'refScore': 8.035705962189, 'altScore': 12.564053592127},{'varId': '1:168373:C:T', 'positionWeightMatrix': 'Foxa_disc5', 'delta': 3.31379604692499, 'position': 5, 'strand': '+', 'refScore': 12.69690340735, 'altScore': 16.010699454275},{'varId': '1:168373:C:T', 'positionWeightMatrix': 'LXR_3', 'delta': 10.005345781296, 'position': 4, 'strand': '-', 'refScore': 4.90898435146201, 'altScore': 14.914330132758},{'varId': '1:168373:C:T', 'positionWeightMatrix': 'Pbx-1_1', 'delta': 1.58107199781999, 'position': 1, 'strand': '+', 'refScore': 9.93327990668, 'altScore': 11.5143519045},{'varId': '1:168373:C:T', 'positionWeightMatrix': 'Pbx-1_2', 'delta': -6.658151622114, 'position': 4, 'strand': '+', 'refScore': 14.009535659293, 'altScore': 7.351384037179},{'varId': '1:168373:C:T', 'positionWeightMatrix': 'RXRA_known2', 'delta': 11.607778513632, 'position': 5, 'strand': '+', 'refScore': 0.220984310987994, 'altScore': 11.82876282462}
1:168558:G:A	1	168559	A			lincRNA															intron_variant,non_coding_transcript_variant																ENSG00000241860																	MODIFIER																																					1																						-1	ENST00000466557					
1:168563:C:G	1	168564	G			lincRNA															intron_variant,non_coding_transcript_variant																ENSG00000241860																	MODIFIER																																					1																						-1	ENST00000466557					
1:168800:T:A	1	168801	A			lincRNA															intron_variant,non_coding_transcript_variant																ENSG00000241860																	MODIFIER																																					1																						-1	ENST00000466557					
1:168977:T:C	1	168978	C			lincRNA															intron_variant,non_coding_transcript_variant																ENSG00000241860																	MODIFIER																																					1																						-1	ENST00000466557					
1:169104:G:T	1	169105	T			lincRNA						403	403								non_coding_transcript_exon_variant																ENSG00000241860																	MODIFIER																																					1																						-1	ENST00000466557					
1:169570:T:A	1	169571	A			lincRNA															intron_variant,non_coding_transcript_variant																ENSG00000241860																	MODIFIER																																					1																						-1	ENST00000466557					
1:169656:T:A	1	169657	A			lincRNA															intron_variant,non_coding_transcript_variant																ENSG00000241860																	MODIFIER																																					1																						-1	ENST00000466557					
1:169659:A:G	1	169660	G			lincRNA															intron_variant,non_coding_transcript_variant																ENSG00000241860																	MODIFIER																																					1																						-1	ENST00000466557					
1:169661:A:C	1	169662	C			lincRNA															intron_variant,non_coding_transcript_variant																ENSG00000241860																	MODIFIER																																					1																						-1	ENST00000466557					
1:169666:A:G	1	169667	G			lincRNA															intron_variant,non_coding_transcript_variant																ENSG00000241860																	MODIFIER																																					1																						-1	ENST00000466557					
1:169670:A:G	1	169671	G			lincRNA															intron_variant,non_coding_transcript_variant																ENSG00000241860																	MODIFIER																																					1																						-1	ENST00000466557					
1:169674:A:C	1	169675	C			lincRNA															intron_variant,non_coding_transcript_variant																ENSG00000241860																	MODIFIER																																					1																						-1	ENST00000466557					
1:169675:A:G	1	169676	G			lincRNA															intron_variant,non_coding_transcript_variant																ENSG00000241860																	MODIFIER																																					1																						-1	ENST00000466557					
1:169676:A:C	1	169677	C			lincRNA															intron_variant,non_coding_transcript_variant																ENSG00000241860																	MODIFIER																																					1																						-1	ENST00000466557					
1:169682:C:T	1	169683	T			lincRNA															intron_variant,non_coding_transcript_variant																ENSG00000241860																	MODIFIER																																					1																						-1	ENST00000466557					
1:169720:C:T	1	169721	T			lincRNA															intron_variant,non_coding_transcript_variant																ENSG00000241860																	MODIFIER																																					1																						-1	ENST00000466557					
1:169731:A:G	1	169732	G			lincRNA															intron_variant,non_coding_transcript_variant																ENSG00000241860																	MODIFIER																																					1																						-1	ENST00000466557					
1:169760:G:C	1	169761	C			lincRNA															intron_variant,non_coding_transcript_variant																ENSG00000241860																	MODIFIER																																					1																						-1	ENST00000466557					
1:169775:G:A	1	169776	A			lincRNA															intron_variant,non_coding_transcript_variant																ENSG00000241860																	MODIFIER																																					1																						-1	ENST00000466557					
1:169785:A:T	1	169786	T			lincRNA															intron_variant,non_coding_transcript_variant																ENSG00000241860																	MODIFIER																																					1																						-1	ENST00000466557					
1:169986:T:C	1	169987	C			lincRNA															intron_variant,non_coding_transcript_variant																ENSG00000241860																	MODIFIER																																					1																						-1	ENST00000466557					
1:170117:C:T	1	170118	T			lincRNA															intron_variant,non_coding_transcript_variant																ENSG00000241860																	MODIFIER																																					1																						-1	ENST00000466557					
1:170246:T:A	1	170247	A			lincRNA															intron_variant,non_coding_transcript_variant																ENSG00000241860																	MODIFIER																																					1																						-1	ENST00000466557					
1:170380:G:C	1	170381	C			lincRNA															intron_variant,non_coding_transcript_variant																ENSG00000241860																	MODIFIER																																					1																						-1	ENST00000466557					
1:170670:A:G	1	170671	G			lincRNA															intron_variant,non_coding_transcript_variant																ENSG00000241860																	MODIFIER																																					1																						-1	ENST00000466557					
1:170730:C:G	1	170731	G			lincRNA															intron_variant,non_coding_transcript_variant																ENSG00000241860																	MODIFIER																																					1																						-1	ENST00000466557					
1:171529:A:G	1	171530	G	0.0421		lincRNA															intron_variant,non_coding_transcript_variant																ENSG00000241860																	MODIFIER																																					1																						-1	ENST00000466557					{'varId': '1:171529:A:G', 'positionWeightMatrix': 'Irf_disc5', 'delta': 11.966141182459, 'position': 8, 'strand': '+', 'refScore': 2.63463716410401, 'altScore': 14.600778346563},{'varId': '1:171529:A:G', 'positionWeightMatrix': 'Tel2', 'delta': -1.99860233066599, 'position': 9, 'strand': '+', 'refScore': 6.05793443537999, 'altScore': 4.059332104714}
1:172595:G:A	1	172596	A	0.1597695		lincRNA						204	204								non_coding_transcript_exon_variant																ENSG00000241860																	MODIFIER																																					1																						-1	ENST00000466557					{'varId': '1:172595:G:A', 'positionWeightMatrix': 'Pbx3_disc3', 'delta': -5.51933072642099, 'position': 4, 'strand': '+', 'refScore': 12.13184530476, 'altScore': 6.612514578339},{'varId': '1:172595:G:A', 'positionWeightMatrix': 'TATA_disc4', 'delta': -11.96606824283, 'position': 3, 'strand': '+', 'refScore': 11.79848656478, 'altScore': -0.167581678049999}
1:172628:G:A	1	172629	A			lincRNA						171	171								non_coding_transcript_exon_variant																ENSG00000241860																	MODIFIER																																					1																						-1	ENST00000466557					
1:173080:A:G	1	173081	G			lincRNA															intron_variant,non_coding_transcript_variant																ENSG00000241860																	MODIFIER																																					1																						-1	ENST00000466557					
1:173126:A:G	1	173127	G			lincRNA															intron_variant,non_coding_transcript_variant																ENSG00000241860																	MODIFIER																																					1																						-1	ENST00000466557					
1:173287:T:C	1	173288	C			lincRNA															intron_variant,non_coding_transcript_variant																ENSG00000241860																	MODIFIER																																					1																						-1	ENST00000466557					
1:173432:C:T	1	173433	T			lincRNA															intron_variant,non_coding_transcript_variant																ENSG00000241860																	MODIFIER																																					1																						-1	ENST00000466557					
1:173592:A:G	1	173593	G			lincRNA															intron_variant,non_coding_transcript_variant																ENSG00000241860																	MODIFIER																																					1																						-1	ENST00000466557					
1:173709:A:C	1	173710	C	0.057		lincRNA															intron_variant,non_coding_transcript_variant																ENSG00000241860																	MODIFIER																																					1																						-1	ENST00000466557					{'varId': '1:173709:A:C', 'positionWeightMatrix': 'Evi-1_2', 'delta': -11.966154464396, 'position': 6, 'strand': '+', 'refScore': -1.198345871176, 'altScore': -13.164500335572},{'varId': '1:173709:A:C', 'positionWeightMatrix': 'HNF4_known2', 'delta': 4.68842112486, 'position': 6, 'strand': '+', 'refScore': 5.70988971142, 'altScore': 10.39831083628}
1:175810:T:A	1	175811	A			lincRNA															upstream_gene_variant			1948													ENSG00000241860																	MODIFIER																																					1																						-1	ENST00000466557					
